Usuario,Password,FinSubscripcion
#NELSON,Nelson89_,10/7/2026
#SANCHEZME,Sanchez875*,10/20/2026
#CEVALLOSW,Cevallos875*,10/28/2026
#RADIOSM,Radio875*,10/28/2026
#JAVIERSIMBA,Javier875458*,10/30/2024
#ALVARADOER,Alvarado875*,10/30/2026
#MENDOZAM,Mendoza875*,11/1/2026
#CORONELS,Coronel875*,11/6/2024
#OSORIOVE,Osorio875*,11/12/2026
#RODRIGUEZSAL,Rodriguez875458*,11/13/2026
#ESPINOZAPIG,Espinoza2022*,11/14/2026
#MAYRAC,Mayra875*,11/18/2026
#CASTROZA,Castro875*,10/11/2025
#CALEROG,Calero875458*,11/26/2026
#VARELA,Varela875458*,11/26/2026
#GUERREROSA,Sandy875*,11/26/2026
#RONQUILLOR,Ruth875*,11/28/2026
#AMORESF,Amores875*,11/29/2026
#CAMPOSMO,Campos875458*,12/2/2026
#QUIJIJEPINCAY,Quijije875458*,12/4/2026
#MODESTA,1972Modesta*,12/4/2026
#SOLISME,Melani1998*,12/4/2026
#LOORAN,Loor875458*,12/8/2026
#VALENCIAMA,Valencia875*,12/10/2026
#ALVAJOFF,Alvarez875*,12/10/2026
#LALVAY,Lalvay875*,12/10/2026
#ROSALESJ,Rosales875458*,12/12/2026
#GENESISMEN,Genesis875458*,12/16/2026
#HAROME,Haro875458*,12/21/2026
#JULIAMA,Zambrano875458*,12/22/2026
#MORANC,Moranyaz875458*,12/22/2026
#GADVAY,Gadbay875*,12/23/2026
#MENDEZM,Mendez875*,12/24/2026
#GADVAY,Gadbay875*,12/24/2026
#REINADEL,Reina875458*,12/27/2026
#GARCIAL,Garcia875458*,12/27/2026
#VARELASO,Varela875458+,12/28/2026
#MUNOZM,Muñoz875458*,12/30/2026
#POVEDAC,Carito875*,12/30/2026
#PAPPED,Pappe875*,12/30/2026
#DIAZME,Diaz875458*,12/31/2026
#KELLYME,Kelly875458*,1/5/2027
#FLORESL,Flores875*,1/6/2027
#CRUZRO,Cruz875458*,1/8/2027
#VILARA,Vila875458*,1/9/2027
#CEDENOMO,Cedeno875458*,1/9/2027
#CEDENOJ,Cedeno875*,1/13/2027
#PEDROZA,Pedro875458*,1/13/2027
#GANCHOZOM,Ganchozo875458*,1/21/2027
#SANLUCASV,Sanlucas875*,1/23/2027
#CARVAJALW,Carvajal875*,1/26/2027
#HERASR,Heras875*,1/26/2027
#MANUELA,Manuela875*,2/17/2027
#LALVAYJ,Lalvay875*,2/19/2027
#ZEIDAN,Zeidan1945*,2/27/2027
#YANEZRA,Yanez875458*,3/3/2027
#ELIZALDESTEW,Elizalde875458*,3/17/2027
#GONZALESM,Gonzales875*,3/23/2027
#BORBORB,Borbor875*,3/25/2027
#LOPEZAG,Lopezag875458*,3/27/2027
#SAMBONI,Samboni875*,3/31/2027
#VACALMEIDA,Carlos875*,4/1/2027
#CARRILLOL,Manuel875*,
#CHAVEZRU,Chavez875458*,12/27/2026
#HAROIMPRESIONES,Haro875*,4/15/2027
#MORELU,Moreira875*,4/16/2027
#ORELLANAC,Carmen875*,5/4/2027
#ESCUDEROP,Escudero875*,5/13/2027
#RAMOSCE,Ramos875*,5/13/2027
#RONNYG,Ronny875*,5/22/2027
#HAROCR,Haro875*,5/28/2027
#LARAJO,Lara875*,6/4/2027
#BELENES,Belen875458*,6/5/2027
#BRAVOP,Antony875*,6/9/2027
#NICOLF,Nicol875*,6/11/2027
#OTONIELP,Cesarpal.2318*,6/18/2027
#RECALDEK,Recalde875*,6/24/2027
#KUSMI,Kusmi875*,6/27/2027
#FREIREM,Marlon875*,
#TRIVINOC,Trivino875*,7/17/2027
#ANAISR,Anais875*,7/22/2027
#SALOMEP,Salome875458*,8/7/2027
#CONSUIV,Consuegra875*,8/11/2027
#PABLOV,Vargaspab875458*,8/11/2027
#DOCUKENNY,Javier875*,8/11/2027
#ANDRESC,Andres875*,8/11/2027
#SOLEDISPAP,Soledispa875*,8/21/2027
#VILLAFUERTEC,Cindy875*,8/27/2027
#CARPIOD,Carpio875*,8/27/2027
#CHICARA,Chica875*,9/1/2027
#WALTERV,Walter875*,9/2/2027
#MONTEROB,Montero875*,9/4/2027
#LABORDEK,Labordek875*,9/15/2027
#IPERTY,Iperty875458*,11/1/2026
#CHIQUITOA,Chiquito875*,11/14/2027
#PLASTIMETALES,Plasti875458*,12/9/2027
#MORAED,Mora875458*,12/10/2027
#GARCIAP,Garcia875458*,12/30/2027
#PICOSE,Pico875458*,1/9/2028
#GERREROP,Guerrero875*,1/10/2028
#BONILLAH,Bonilla875458*,1/26/2028
#ESPINOZAAND,Espinoza875458*,12/27/2025
#QUALITYPRINT,Quality875*,6/3/2028
#LUZDELGUAYAS,Guayas875*,7/1/2024
#LINDA,Linda875458*,10/25/2025
#SERCONKPO,Jose875458*,5/19/2030
#AMORES,Amores875*,10/30/2026
PERLAZA,Perlaza875458*,11/1/2026
CARRANZAO,Carranza875458*,12/3/2026
MACHADO,Machado875458*,12/15/2026
BAJANASAB,Bajana875458*,12/31/2026
KUONG,Kuong875458*,12/31/2026
BAJANASAB4,Bajana875458*,12/31/2026
SAGBAYS,Sagbay@1969,1/31/2027
CLAVIJOM,Bruno190420*,3/13/2027
BELTRANNO,Beltran875*,5/20/2027
BENITEZLINA,Benitez875458*,10/16/2027
AYRTON,Ayrton875458*,12/31/2027
BERMEOP,Carolina1994@,7/31/2027